Player Id,Name,Current Status,Years Played
richardsherman/2495507,"Sherman, Richard",Active,
samshields/1037374,"Shields, Sam",Active,
nicshimonek/2560874,"Shimonek, Nic",Active,
a.q.shipley/71461,"Shipley, A.Q.",Injured reserve,
brandonshippen/2556680,"Shippen, Brandon",Active,
azizshittu/2556866,"Shittu, Aziz",Active,
kawannshort/2539296,"Short, Kawann",Active,
jameillshowers/2553600,"Showers, Jameill",Active,
garrettsickels/2558900,"Sickels, Garrett",Injured reserve,
trentsieg/2561465,"Sieg, Trent",Active,
zachsieler/2561129,"Sieler, Zach",Active,
trevorsiemian/2553457,"Siemian, Trevor",Active,
aminisilatolu/2532947,"Silatolu, Amini",Active,
iansilberman/2552338,"Silberman, Ian",Active,
sealversiliga/2495486,"Siliga, Sealver",Active,
antoniosimmons/2561274,"Simmons, Antonio",Active,
jalensimmons/2556889,"Simmons, Jalen",Active,
jordansimmons/2558997,"Simmons, Jordan",Active,
justinsimmons/2555550,"Simmons, Justin",Active,
deonsimon/2552678,"Simon, Deon",Active,
johnsimon/2539280,"Simon, John",Active,
scottsimonson/2550599,"Simonson, Scott",Active,
camsims/2561067,"Sims, Cam",Active,
charlessims/2543770,"Sims, Charles",Active,
dionsims/2540200,"Sims, Dion",Active,
leshaunsims/2555551,"Sims, LeShaun",Active,
gannonsinclair/2553760,"Sinclair, Gannon",Active,
terrellsinkfield/2541746,"Sinkfield, Terrell",Active,
nicosiragusa/2557874,"Siragusa, Nico",Active,
jeremiahsirles/2550462,"Sirles, Jeremiah",Active,
joshsitton/4485,"Sitton, Josh",Active,
danskipper/2559372,"Skipper, Dan",Active,
busterskrine/2495343,"Skrine, Buster",Active,
mattskura/2556683,"Skura, Matt",Active,
chadslade/2553601,"Slade, Chad",Active,
matthewslater/4487,"Slater, Matthew",Active,
mattslauson/81871,"Slauson, Matt",Active,
dariusslay/2540288,"Slay, Darius",Active,
kylesloter/2559252,"Sloter, Kyle",Active,
jordansmallwood/2561493,"Smallwood, Jordan",Active,
wendellsmallwood/2555461,"Smallwood, Wendell",Active,
tanzelsmart/2558199,"Smart, Tanzel",Active,
deandresmelter/2552627,"Smelter, DeAndre",Active,
alexsmith/2506340,"Smith, Alex",Active,
keithsmith/2550400,"Smith, Keith",Active,
andresmith/2560875,"Smith, Andre",Active,
andresmith/71465,"Smith, Andre",Active,
bradensmith/2560876,"Smith, Braden",Active,
brandonsmith/2561595,"Smith, Brandon",Active,
c.j.smith/2556774,"Smith, C.J.",Active,
chrissmith/2543692,"Smith, Chris",Active,
derronsmith/2552390,"Smith, Derron",Active,
donovansmith/2552460,"Smith, Donovan",Active,
emmanuelsmith/2561275,"Smith, Emmanuel",Active,
ericsmith/2559057,"Smith, Eric",Active,
genosmith/2539335,"Smith, Geno",Active,
evansmith/2507701,"Smith, Evan",Active,
garrisonsmith/2550503,"Smith, Garrison",Active,
harrisonsmith/2532948,"Smith, Harrison",Active,
jacquiessmith/2533005,"Smith, Jacquies",Active,
torreysmith/2495459,"Smith, Torrey",Active,
jimmysmith/2508107,"Smith, Jimmy",Active,
jaylonsmith/2555310,"Smith, Jaylon",Active,
jonnusmith/2558207,"Smith, Jonnu",Active,
leesmith/2495347,"Smith, Lee",Active,
joshsmith/2561637,"Smith, Josh",Other,
malcolmsmith/2499278,"Smith, Malcolm",Active,
marcussmith/2543725,"Smith, Marcus",Other,
mauricesmith/2559058,"Smith, Maurice",Active,
prestonsmith/2552276,"Smith, Preston",Active,
rodsmith/2553743,"Smith, Rod",Active,
itosmith/2559924,"Smith, Ito",Active,
roquansmith/2560877,"Smith, Roquan",Active,
ryansmith/2555552,"Smith, Ryan",Active,
ryansmith/2561480,"Smith, Ryan",Active,
shanesmith/2559254,"Smith, Shane",Active,
telvinsmith/2543711,"Smith, Telvin",Active,
terrancesmith/2556775,"Smith, Terrance",Active,
tevaunsmith/2556399,"Smith, Tevaun",Injured reserve,
tre'quansmith/2560878,"Smith, Tre'Quan",Active,
tremonsmith/2561103,"Smith, Tremon",Active,
tyesmith/2552449,"Smith, Tye",Injured reserve,
tyronsmith/2495435,"Smith, Tyron",Active,
vyncintsmith/2561427,"Smith, Vyncint",Active,
za'dariussmith/2552279,"Smith, Za'Darius",Active,
jujusmith-schuster/2558149,"Smith-Schuster, JuJu",Active,
fishsmithson/2558901,"Smithson, Fish",Active,
dawuanesmoot/2557839,"Smoot, Dawuane",Active,
durhamsmythe/2560880,"Smythe, Durham",Active,
williesnead/2550256,"Snead, Willie",Active,
kristjansokoli/2553346,"Sokoli, Kristjan",Injured reserve,
natesolder/2495232,"Solder, Nate",Active,
danielsorensen/2550257,"Sorensen, Daniel",Active,
shakirsoto/2559255,"Soto, Shakir",Active,
dezmensouthward/2543775,"Southward, Dezmen",Active,
bradleysowell/2535866,"Sowell, Bradley",Active,
martrellspaight/2552316,"Spaight, Martrell",Active,
bentleyspain/2561636,"Spain, Bentley",Active,
quintonspain/2553824,"Spain, Quinton",Active,
breelandspeaks/2560881,"Speaks, Breeland",Active,
akeemspence/2540201,"Spence, Akeem",Active,
noahspence/2555312,"Spence, Noah",Active,
robertspillane/2561596,"Spillane, Robert",Active,
jasonspriggs/2555197,"Spriggs, Jason",Active,
arrionsprings/2561106,"Springs, Arrion",Active,
jeremysprinkle/2557886,"Sprinkle, Jeremy",Active,
tracysprinkle/2561276,"Sprinkle, Tracy",Active,
darrensproles/2506467,"Sproles, Darren",Active,
nelsonspruce/2556686,"Spruce, Nelson",Active,
damionsquare/2540003,"Square, Damion",Active,
equanimeousst.brown/2560883,"St. Brown, Equanimeous",Active,
matthewstafford/79860,"Stafford, Matthew",Active,
allenzaestaggers/2561707,"Staggers, Allenzae",Active,
joestaley/2495746,"Staley, Joe",Active,
taylorstallworth/2560882,"Stallworth, Taylor",Active,
julianstanford/2535867,"Stanford, Julian",Active,
ronniestanley/2555204,"Stanley, Ronnie",Active,
drewstanton/2495748,"Stanton, Drew",Active,
dustinstanton/2559000,"Stanton, Dustin",Active,
johnnystanton/2561489,"Stanton, Johnny",Active,
davidsteinmetz/2561409,"Steinmetz, David",Active,
shamarstephen/2543706,"Stephen, Shamar",Active,
lindenstephens/2561277,"Stephens, Linden",Active,
nealsterling/2553451,"Sterling, Neal",Active,
jordansterns/2559094,"Sterns, Jordan",Active,
zachsterup/2556825,"Sterup, Zach",Active,
ardariusstewart/2558150,"Stewart, ArDarius",Active,
darianstewart/494307,"Stewart, Darian",Active,
groverstewart/2558766,"Stewart, Grover",Active,
jonathanstewart/949,"Stewart, Jonathan",Active,
m.j.stewart/2560884,"Stewart, M.J.",Active,
orionstewart/2559258,"Stewart, Orion",Active,
kennystills/2540202,"Stills, Kenny",Active,
aaronstinnie/2561410,"Stinnie, Aaron",Active,
lukestocker/2495234,"Stocker, Luke",Active,
justinstockton/2561705,"Stockton, Justin",Active,
jamesstone/2550258,"Stone, James",Active,
rodstreater/2535869,"Streater, Rod",Active,
kentaviusstreet/2560885,"Street, Kentavius",Active,
channingstribling/2559259,"Stribling, Channing",Active,
damore'eastringfellow/2559059,"Stringfellow, Damore'ea",Active,
gregstroman/2560886,"Stroman, Greg",Active,
natestupar/2533459,"Stupar, Nate",Active,
calebsturgis/2539637,"Sturgis, Caleb",Active,
daltonsturm/2561411,"Sturm, Dalton",Active,
xaviersu'a-filo/2543666,"Su'a-Filo, Xavier",Active,
ryansuccop/89802,"Succop, Ryan",Active,
natesudfeld/2555427,"Sudfeld, Nate",Active,
terrellsuggs/2505660,"Suggs, Terrell",Active,
ndamukongsuh/496861,"Suh, Ndamukong",Active,
chandonsullivan/2560887,"Sullivan, Chandon",Active,
johnsullivan/2507491,"Sullivan, John",Active,
tresullivan/2559260,"Sullivan, Tre",Active,
jamarsummers/2561412,"Summers, Jamar",Active,
jamessummers/2559261,"Summers, James",Active,
nicksundberg/2507668,"Sundberg, Nick",Active,
phillipsupernaw/2535535,"Supernaw, Phillip",Other,
cameronsutton/2558849,"Sutton, Cameron",Active,
courtlandsutton/2560888,"Sutton, Courtland",Active,
willsutton/2543691,"Sutton, Will",Active,
geoffswaim/2553454,"Swaim, Geoff",Active,
terryswanson/2561428,"Swanson, Terry",Active,
travisswanson/2543506,"Swanson, Travis",Active,
d.j.swearinger/2539943,"Swearinger, D.J.",Active,
joshsweat/2560889,"Sweat, Josh",Active,
j.r.sweezy/2533342,"Sweezy, J.R.",Active,
ryanswitzer/2557960,"Switzer, Ryan",Active,
erikswoope/2550405,"Swoope, Erik",Active,
tyroneswoopes/2559263,"Swoopes, Tyrone",Active,
teeztabor/2557955,"Tabor, Teez",Active,
aqibtalib/1302,"Talib, Aqib",Active,
keithtandy/2534741,"Tandy, Keith",Active,
cordreatankersley/2557931,"Tankersley, Cordrea",Active,
ryantannehill/2532956,"Tannehill, Ryan",Active,
alextanney/2534870,"Tanney, Alex",Active,
charlestapper/2555245,"Tapper, Charles",Active,
jaquiskitartt/2552391,"Tartt, Jaquiski",Active,
pasonitasini/2559264,"Tasini, Pasoni",Active,
audentate/2560890,"Tate, Auden",Active,
brandontate/81306,"Tate, Brandon",Active,
goldentate/497326,"Tate, Golden",Active,
pitataumoepenu/2558284,"Taumoepenu, Pita",Active,
giorgiotavecchio/2535686,"Tavecchio, Giorgio",Other,
adariustaylor/2550565,"Taylor, Adarius",Active,
bretttaylor/2561490,"Taylor, Brett",Active,
jamartaylor/2539932,"Taylor, Jamar",Active,
jordantaylor/2553606,"Taylor, Jordan",Active,
julliantaylor/2561078,"Taylor, Jullian",Active,
lanetaylor/2541898,"Taylor, Lane",Active,
philliptaylor/2508106,"Taylor, Phillip",Active,
rodtaylor/2560891,"Taylor, Rod",Injured reserve,
taywantaylor/2557870,"Taylor, Taywan",Active,
trenttaylor/2558202,"Taylor, Trent",Active,
tyrodtaylor/2495240,"Taylor, Tyrod",Active,
vincenttaylor/2558017,"Taylor, Vincent",Active,
mantite'o/2539277,"Te'o, Manti",Active,
wyattteller/2560892,"Teller, Wyatt",Active,
steventerrell/2541754,"Terrell, Steven",Active,
samtevi/2558026,"Tevi, Sam",Active,
ranthonytexada/2561440,"Texada, Ranthony",Active,
natetheaker/2559265,"Theaker, Nate",Other,
robensontherezie/2553607,"Therezie, Robenson",Active,
adamthielen/2541785,"Thielen, Adam",Active,
ahmadthomas/2559037,"Thomas, Ahmad",Active,
brandonthomas/2543702,"Thomas, Brandon",Other,
chadthomas/2560893,"Thomas, Chad",Active,
de'anthonythomas/2543638,"Thomas, De'Anthony",Active,
demaryiusthomas/497328,"Thomas, Demaryius",Active,
dymontethomas/2559293,"Thomas, Dymonte",Active,
earlthomas/2508080,"Thomas, Earl",Other,
ianthomas/2560894,"Thomas, Ian",Active,
joethomas/2550262,"Thomas, Joe",Active,
jordanthomas/2560896,"Thomas, Jordan",Active,
justinthomas/2559367,"Thomas, Justin",Active,
lawrencethomas/2556695,"Thomas, Lawrence",Active,
loganthomas/2543767,"Thomas, Logan",Active,
matthewthomas/2560897,"Thomas, Matthew",Active,
michaelthomas/2556370,"Thomas, Michael",Active,
mikethomas/2556381,"Thomas, Mike",Active,
michaelthomas/2535687,"Thomas, Michael",Active,
mychealonthomas/2561466,"Thomas, Mychealon",Active,
dukethomas/2556694,"Thomas, Duke",Active,
rocthomas/2560898,"Thomas, Roc",Active,
robertthomas/2550532,"Thomas, Robert",Active,
shamarkothomas/2539937,"Thomas, Shamarko",Active,
simeonthomas/2561144,"Thomas, Simeon",Active,
solomonthomas/2558018,"Thomas, Solomon",Active,
tavierrethomas/2561278,"Thomas, Tavierre",Active,
alexthompson/2561413,"Thompson, Alex",Other,
carlosthompson/2553609,"Thompson, Carlos",Injured reserve,
christhompson/2540011,"Thompson, Chris",Active,
christhompson/2559368,"Thompson, Chris",Active,
colinthompson/2559268,"Thompson, Colin",Active,
coreythompson/2561107,"Thompson, Corey",Active,
darianthompson/2555154,"Thompson, Darian",Active,
deontethompson/2534436,"Thompson, Deonte",Active,
jasonthompson/2559039,"Thompson, Jason",Active,
kendalthompson/2557436,"Thompson, Kendal",Active,
markthompson/2561467,"Thompson, Mark",Active,
tedricthompson/2557881,"Thompson, Tedric",Active,
trentonthompson/2560899,"Thompson, Trenton",Other,
cedricthornton/2495356,"Thornton, Cedric",Active,
joshthornton/2559269,"Thornton, Josh",Active,
neikothorpe/2534846,"Thorpe, Neiko",Active,
joethuney/2555281,"Thuney, Joe",Active,
nickthurman/2561597,"Thurman, Nick",Active,
andrewtiller/2533351,"Tiller, Andrew",Active,
johntimu/2553610,"Timu, John",Active,
carsontinker/2540023,"Tinker, Carson",Active,
matttobin/2541946,"Tobin, Matt",Active,
jacktocho/2558153,"Tocho, Jack",Active,
levinetoilolo/2540203,"Toilolo, Levine",Active,
henre'toliver/2560900,"Toliver, Henre'",Active,
kevintoliver/2560901,"Toliver, Kevin",Active,
jalentolliver/2561279,"Tolliver, Jalen",Active,
camerontom/2559098,"Tom, Cameron",Active,
dalvintomlinson/2557846,"Tomlinson, Dalvin",Active,
erictomlinson/2553744,"Tomlinson, Eric",Active,
lakentomlinson/2552345,"Tomlinson, Laken",Active,
coletoner/2555194,"Toner, Cole",Active,
roberttonyan/2559270,"Tonyan, Robert",Active,
koreytoomer/2534567,"Toomer, Korey",Active,
najeetoran/2561169,"Toran, Najee",Active,
jontoth/2557849,"Toth, Jon",Active,
fitzgeraldtoussaint/2550738,"Toussaint, Fitzgerald",Active,
keithtowbridge/2559271,"Towbridge, Keith",Active,
johnnytownsend/2560903,"Townsend, Johnny",Active,
damariustravis/2559002,"Travis, Damarius",Active,
rosstravis/2554630,"Travis, Ross",Active,
bryndentrawick/2541756,"Trawick, Brynden",Active,
austintraylor/2556900,"Traylor, Austin",Active,
laquontreadwell/2555214,"Treadwell, Laquon",Active,
brycetreggs/2556697,"Treggs, Bryce",Active,
jctretter/2540292,"Tretter, JC",Active,
dannytrevathan/2532961,"Trevathan, Danny",Active,
zachtriner/2558305,"Triner, Zach",Active,
jonahtrinnaman/2561280,"Trinnaman, Jonah",Active,
shanetripucka/2560904,"Tripucka, Shane",Active,
mitchelltrubisky/2558008,"Trubisky, Mitchell",Active,
desmondtrufant/2539334,"Trufant, Desmond",Active,
andrewtrumbetti/2561281,"Trumbetti, Andrew",Injured reserve,
stevietu'ikolovatu/2557962,"Tu'ikolovatu, Stevie",Injured reserve,
justintucker/2536340,"Tucker, Justin",Active,
marcustucker/2556782,"Tucker, Marcus",Active,
jacobtuioti-mariner/2561282,"Tuioti-Mariner, Jacob",Active,
stephontuitt/2543483,"Tuitt, Stephon",Active,
laremytunsil/2555201,"Tunsil, Laremy",Active,
joshtupou/2559003,"Tupou, Josh",Active,
kemokoturay/2560905,"Turay, Kemoko",Active,
robertturbin/2533460,"Turbin, Robert",Active,
de'lanceturner/2561468,"Turner, De'Lance",Active,
ezekielturner/2561283,"Turner, Ezekiel",Active,
landonturner/2556784,"Turner, Landon",Active,
malikturner/2561671,"Turner, Malik",Active,
paulturner/2556785,"Turner, Paul",Active,
traiturner/2543606,"Turner, Trai",Active,
billyturner/2543740,"Turner, Billy",Active,
willtye/2553830,"Tye, Will",Active,
miketyson/2558853,"Tyson, Mike",Active,
jerryugokwe/2558903,"Ugokwe, Jerry",Active,
lekauhatafe/2560906,"Uhatafe, Leka",Active,
maxunger/71493,"Unger, Max",Active,
mitchunrein/2508016,"Unrein, Mitch",Active,
courtneyupshaw/2532964,"Upshaw, Courtney",Other,
brenturban/2543765,"Urban, Brent",Active,
c.j.uzomah/2552559,"Uzomah, C.J.",Active,
kennyvaccaro/2539320,"Vaccaro, Kenny",Active,
destinyvaeao/2556786,"Vaeao, Destiny",Active,
halapoulivaativaitai/2555196,"Vaitai, Halapoulivaati",Active,
marquezvaldes-scantling/2560907,"Valdes-Scantling, Marquez",Active,
vincentvalentine/2555517,"Valentine, Vincent",Active,
tannervallejo/2558289,"Vallejo, Tanner",Active,
hakeemvalles/2556453,"Valles, Hakeem",Active,
jeremiahvaloaga/2559310,"Valoaga, Jeremiah",Active,
kylevannoy/2543699,"Van Noy, Kyle",Active,
gregvanroten/2538145,"Van Roten, Greg",Active,
leightonvanderesch/2560908,"Vander Esch, Leighton",Active,
jasonvanderlaan/2556700,"Vander Laan, Jason",Active,
eddievanderdoes/2557982,"Vanderdoes, Eddie",Active,
nickvannett/2555289,"Vannett, Nick",Active,
vitavea/2560909,"Vea, Vita",Active,
jordanveasy/2561414,"Veasy, Jordan",Active,
kaarevedvik/2561415,"Vedvik, Kaare",Active,
jaredveldheer/497061,"Veldheer, Jared",Active,
shanevereen/2495473,"Vereen, Shane",Active,
oliviervernon/2533534,"Vernon, Olivier",Active,
jasonverrett/2543493,"Verrett, Jason",Injured reserve,
kendalvickers/2561416,"Vickers, Kendal",Active,
azeemvictor/2560910,"Victor, Azeem",Active,
nickvigil/2555528,"Vigil, Nick",Active,
zachvigil/2553687,"Vigil, Zach",Active,
alejandrovillanueva/2550130,"Villanueva, Alejandro",Active,
adamvinatieri/2503471,"Vinatieri, Adam",Active,
deevirgin/2559274,"Virgin, Dee",Active,
dannyvitale/2555218,"Vitale, Danny",Active,
justinvogel/2559005,"Vogel, Justin",Active,
andrewvollert/2561284,"Vollert, Andrew",Active,
jeremyvujnovich/2543431,"Vujnovich, Jeremy",Active,
laadrianwaddle/2539324,"Waddle, LaAdrian",Active,
d'montrewade/2560911,"Wade, D'Montre",Active,
akrumwadley/2560912,"Wadley, Akrum",Active,
bobbywagner/2532966,"Wagner, Bobby",Active,
rickywagner/2539340,"Wagner, Ricky",Active,
cameronwake/2506314,"Wake, Cameron",Active,
erikwalden/2507488,"Walden, Erik",Active,
clivewalford/2552397,"Walford, Clive",Active,
anthonywalker/2558851,"Walker, Anthony",Active,
cavonwalker/2561285,"Walker, Cavon",Active,
demarcuswalker/2557894,"Walker, DeMarcus",Active,
delaniewalker/2495966,"Walker, Delanie",Active,
joewalker/2556192,"Walker, Joe",Active,
joshwalker/2550267,"Walker, Josh",Active,
phillipwalker/2558904,"Walker, Phillip",Active,
treywalker/2560913,"Walker, Trey",Active,
tyrunnwalker/2535892,"Walker, Tyrunn",Active,
aaronwallace/2555320,"Wallace, Aaron",Active,
mikewallace/2507763,"Wallace, Mike",Active,
leviwallace/2560914,"Wallace, Levi",Active,
darrenwaller/2552408,"Waller, Darren",Active,
l.t.walton/2552444,"Walton, L.T.",Active,
markwalton/2560915,"Walton, Mark",Active,
channingward/2556702,"Ward, Channing",Other,
charvariusward/2561417,"Ward, Charvarius",Active,
denzelward/2560916,"Ward, Denzel",Active,
gregward/2559278,"Ward, Greg",Active,
jimmieward/2543741,"Ward, Jimmie",Active,
jihadward/2555248,"Ward, Jihad",Active,
jylanware/2557919,"Ware, Jylan",Active,
spencerware/2540204,"Ware, Spencer",Active,
larrywarford/2539248,"Warford, Larry",Active,
chancewarmack/2539194,"Warmack, Chance",Active,
juliuswarmsley/2550642,"Warmsley, Julius",Active,
fredwarner/2560917,"Warner, Fred",Active,
chriswarren/2560918,"Warren, Chris",Active,
adolphuswashington/2555235,"Washington, Adolphus",Active,
charleswashington/2556703,"Washington, Charles",Active,
corneliuswashington/2539232,"Washington, Cornelius",Active,
deandrewashington/2555464,"Washington, DeAndre",Active,
dwaynewashington/2556118,"Washington, Dwayne",Active,
jameswashington/2560920,"Washington, James",Active,
tonywashington/2553615,"Washington, Tony",Active,
herbwaters/2556704,"Waters, Herb",Active,
earlwatford/2539242,"Watford, Earl",Active,
carloswatkins/2557877,"Watkins, Carlos",Active,
jaylenwatkins/2543707,"Watkins, Jaylen",Injured reserve,
sammywatkins/2543457,"Watkins, Sammy",Active,
benjaminwatson/2506122,"Watson, Benjamin",Active,
deshaunwatson/2558063,"Watson, Deshaun",Active,
dekodawatson/496961,"Watson, Dekoda",Active,
justinwatson/2560051,"Watson, Justin",Active,
menelikwatson/2540206,"Watson, Menelik",Active,
derekwatt/2555220,"Watt, Derek",Active,
j.j.watt/2495488,"Watt, J.J.",Active,
t.j.watt/2558064,"Watt, T.J.",Active,
armaniwatts/2560921,"Watts, Armani",Active,
tressway/2541903,"Way, Tress",Active,
traewaynes/2552448,"Waynes, Trae",Active,
jesterweah/2560922,"Weah, Jester",Active,
stephenweatherly/2555529,"Weatherly, Stephen",Active,
tobyweathersby/2560923,"Weathersby, Toby",Active,
damonwebb/2560924,"Webb, Damon",Active,
daviswebb/2557897,"Webb, Davis",Active,
j'marcuswebb/1037880,"Webb, J'Marcus",Active,
joewebb/1037347,"Webb, Joe",Active,
ralphwebb/2561419,"Webb, Ralph",Active,
b.w.webb/2539338,"Webb, B.W.",Active,
ericweddle/2495775,"Weddle, Eric",Active,
brandonweeden/2532970,"Weeden, Brandon",Active,
jonweeks/2507831,"Weeks, Jon",Active,
brantweiss/2561286,"Weiss, Brant",Active,
elijahwellman/2561441,"Wellman, Elijah",Injured reserve,
davidwells/2560925,"Wells, David",Active,
joshwells/2550416,"Wells, Josh",Active,
carsonwentz/2555259,"Wentz, Carson",Active,
de'ondrewesley/2553763,"Wesley, De'Ondre",Active,
charcandrickwest/2550268,"West, Charcandrick",Active,
terrancewest/2543664,"West, Terrance",Active,
dedewestbrook/2557895,"Westbrook, Dede",Active,
ethanwestbrooks/2550449,"Westbrooks, Ethan",Active,
leonardwester/2556787,"Wester, Leonard",Active,
christianwesterman/2555131,"Westerman, Christian",Active,
johnwetzel/2539207,"Wetzel, John",Active,
griffwhalen/2535876,"Whalen, Griff",Active,
markuswheaton/2539291,"Wheaton, Markus",Active,
chadwheeler/2559280,"Wheeler, Chad",Active,
d.j.white/2555555,"White, D.J.",Active,
deandrewwhite/2552657,"White, DeAndrew",Active,
jameswhite/2543773,"White, James",Active,
ka'raunwhite/2560927,"White, Ka'Raun",Active,
kevinwhite/2553432,"White, Kevin",Active,
kyzirwhite/2560928,"White, Kyzir",Active,
marquezwhite/2557912,"White, Marquez",Active,
mikewhite/2560929,"White, Mike",Active,
timwhite/2559007,"White, Tim",Active,
tre'daviouswhite/2557867,"White, Tre'Davious",Active,
codywhitehair/2555132,"Whitehair, Cody",Active,
jermainewhitehead/2552697,"Whitehead, Jermaine",Active,
jordanwhitehead/2560930,"Whitehead, Jordan",Active,
luckywhitehead/2553621,"Whitehead, Lucky",Active,
tahirwhitehead/2532986,"Whitehead, Tahir",Active,
kermitwhitfield/2559281,"Whitfield, Kermit",Active,
isaacwhitney/2559008,"Whitney, Isaac",Active,
fozzywhittaker/2540037,"Whittaker, Fozzy",Injured reserve,
andrewwhitworth/2495977,"Whitworth, Andrew",Active,
codywichmann/2553332,"Wichmann, Cody",Active,
colewick/2556708,"Wick, Cole",Active,
jojowicker/2560931,"Wicker, JoJo",Active,
jakewieneke/2560932,"Wieneke, Jake",Active,
kennywiggins/2530556,"Wiggins, Kenny",Active,
kylewilber/2532974,"Wilber, Kyle",Active,
j.j.wilcox/2540219,"Wilcox, J.J.",Active,
brandonwilds/2556454,"Wilds, Brandon",Active,
mattwile/2553622,"Wile, Matt",Active,
jalenwilkerson/2561545,"Wilkerson, Jalen",Other,
muhammadwilkerson/2495490,"Wilkerson, Muhammad",Active,
jordanwilkins/2560933,"Wilkins, Jordan",Active,
elijahwilkinson/2559295,"Wilkinson, Elijah",Active,
brandonwilliams/2556371,"Williams, Brandon",Active,
brandonwilliams/2541302,"Williams, Brandon",Active,
brycewilliams/2556709,"Williams, Bryce",Active,
chadwilliams/2558208,"Williams, Chad",Active,
connorwilliams/2560934,"Williams, Connor",Active,
damienwilliams/2550512,"Williams, Damien",Active,
danielwilliams/2559464,"Williams, Daniel",Active,
dariouswilliams/2561469,"Williams, Darious",Active,
darrelwilliams/2560935,"Williams, Darrel",Active,
darrellwilliams/2553748,"Williams, Darrell",Active,
darrellwilliams/2559009,"Williams, Darrell",Active,
darylwilliams/2552357,"Williams, Daryl",Active,
davidwilliams/2561152,"Williams, David",Active,
deshawnwilliams/2553623,"Williams, DeShawn",Active,
domwilliams/2556827,"Williams, Dom",Other,
isaiahwilliams/2557450,"Williams, Isaiah",Active,
jamaalwilliams/2558204,"Williams, Jamaal",Active,
jimmywilliams/2561442,"Williams, Jimmy",Other,
jarveonwilliams/2559010,"Williams, Jarveon",Active,
jonathanwilliams/2555227,"Williams, Jonathan",Active,
jordanwilliams/2553690,"Williams, Jordan",Active,
joewilliams/2557936,"Williams, Joe",Active,
k'waunwilliams/2550654,"Williams, K'Waun",Active,
kasenwilliams/2554138,"Williams, Kasen",Active,
p.j.williams/2552484,"Williams, P.J.",Active,
kerwynnwilliams/2539980,"Williams, Kerwynn",Active,
kylewilliams/2506931,"Williams, Kyle",Active,
antwionewilliams/2556376,"Williams, Antwione",Active,
leonardwilliams/2552486,"Williams, Leonard",Active,
malikwilliams/2561288,"Williams, Malik",Active,
marcuswilliams/2558847,"Williams, Marcus",Active,
marcuswilliams/2550605,"Williams, Marcus",Active,
marquezwilliams/2558860,"Williams, Marquez",Other,
maxxwilliams/2552468,"Williams, Maxx",Active,
mikewilliams/2558846,"Williams, Mike",Active,
nickwilliams/2541479,"Williams, Nick",Active,
nickwilliams/2540279,"Williams, Nick",Active,
shawnwilliams/2539233,"Williams, Shawn",Active,
sylvesterwilliams/2539270,"Williams, Sylvester",Active,
tajwilliams/2561289,"Williams, Taj",Active,
teddywilliams/2508077,"Williams, Teddy",Other,
terrancewilliams/2539205,"Williams, Terrance",Active,
terrellwilliams/2561165,"Williams, Terrell",Injured reserve,
timwilliams/2557841,"Williams, Tim",Active,
tramonwilliams/2506789,"Williams, Tramon",Active,
trentwilliams/497073,"Williams, Trent",Active,
trevorwilliams/2556828,"Williams, Trevor",Active,
treywilliams/2553486,"Williams, Trey",Active,
tyrellwilliams/2553913,"Williams, Tyrell",Active,
vincewilliams/2540221,"Williams, Vince",Active,
xavierwilliams/2553764,"Williams, Xavier",Active,
averywilliamson/2543597,"Williamson, Avery",Active,
derrickwillies/2561470,"Willies, Derrick",Active,
coreywillis/2561290,"Willis, Corey",Active,
jordanwillis/2557884,"Willis, Jordan",Active,
lukewillson/2541199,"Willson, Luke",Active,
albertwilson/2550272,"Wilson, Albert",Active,
brandonwilson/2558786,"Wilson, Brandon",Active,
cedwilson/2560936,"Wilson, Ced",Injured reserve,
claytonwilson/2561569,"Wilson, Clayton",Active,
damienwilson/2552686,"Wilson, Damien",Active,
eddywilson/2560937,"Wilson, Eddy",Active,
ericwilson/2559012,"Wilson, Eric",Active,
howardwilson/2558158,"Wilson, Howard",Injured reserve,
jarrodwilson/2556711,"Wilson, Jarrod",Active,
jeffwilson/2560938,"Wilson, Jeff",Active,
bobowilson/2559013,"Wilson, Bobo",Active,
kylewilson/2561618,"Wilson, Kyle",Active,
quincywilson/2557961,"Wilson, Quincy",Active,
ramikwilson/2552320,"Wilson, Ramik",Active,
russellwilson/2532975,"Wilson, Russell",Active,
shaunwilson/2561291,"Wilson, Shaun",Active,
tavonwilson/2534830,"Wilson, Tavon",Active,
timwilson/2561598,"Wilson, Tim",Active,
jomalwiltz/2559283,"Wiltz, Jomal",Active,
shanewimann/2561421,"Wimann, Shane",Other,
javonwims/2560939,"Wims, Javon",Active,
anthonywinbush/2560940,"Winbush, Anthony",Active,
jameswinchester/2542357,"Winchester, James",Active,
mikewindt/2507845,"Windt, Mike",Active,
ryanwinslow/2560941,"Winslow, Ryan",Active,
jameiswinston/2552033,"Winston, Jameis",Active,
anthonywint/2561478,"Wint, Anthony",Active,
brianwinters/2539247,"Winters, Brian",Active,
deatrichwise/2558000,"Wise, Deatrich",Active,
stefenwisniewski/2495250,"Wisniewski, Stefen",Active,
ahkellowitherspoon/2558157,"Witherspoon, Ahkello",Active,
bryanwitzmann/2550606,"Witzmann, Bryan",Active,
austinwolf/2561703,"Wolf, Austin",Active,
ethanwolf/2561422,"Wolf, Ethan",Active,
derekwolfe/2533026,"Wolfe, Derek",Active,
brianwomac/2561608,"Womac, Brian",Active,
zachwood/2556931,"Wood, Zach",Active,
jonathanwoodard/2556377,"Woodard, Jonathan",Active,
joshwoodrum/2556713,"Woodrum, Josh",Active,
alwoods/496881,"Woods, Al",Active,
antwaunwoods/2556792,"Woods, Antwaun",Active,
joshwoods/2561626,"Woods, Josh",Active,
robertwoods/2540169,"Woods, Robert",Active,
xavierwoods/2558159,"Woods, Xavier",Active,
loganwoodside/2560942,"Woodside, Logan",Active,
blainewoodson/2561605,"Woodson, Blaine",Active,
xavierwoodson-luster/2559042,"Woodson-Luster, Xavier",Active,
wesleywoodyard/2354,"Woodyard, Wesley",Active,
chrisworley/2560943,"Worley, Chris",Active,
darylworley/2555394,"Worley, Daryl",Active,
chriswormley/2557862,"Wormley, Chris",Active,
paulworrilow/2541535,"Worrilow, Paul",Injured reserve,
natewozniak/2561452,"Wozniak, Nate",Active,
blidiwreh-wilson/2539219,"Wreh-Wilson, Blidi",Active,
erickwren/2561423,"Wren, Erick",Active,
gabewright/2552282,"Wright, Gabe",Active,
jameswright/2550162,"Wright, James",Active,
jariuswright/2532978,"Wright, Jarius",Active,
kendallwright/2532977,"Wright, Kendall",Active,
k.j.wright/2495252,"Wright, K.J.",Active,
scoobywright/2556382,"Wright, Scooby",Active,
shareecewright/2495251,"Wright, Shareece",Active,
timothywright/2541768,"Wright, Timothy",Active,
andrewwylie/2559354,"Wylie, Andrew",Active,
isaiahwynn/2560945,"Wynn, Isaiah",Active,
jonathanwynn/2561292,"Wynn, Jonathan",Active,
kerrywynn/2550312,"Wynn, Kerry",Active,
shanewynn/2553630,"Wynn, Shane",Active,
deangeloyancey/2558025,"Yancey, DeAngelo",Active,
marshalyanda/2507188,"Yanda, Marshal",Active,
eddieyarbrough/2556714,"Yarbrough, Eddie",Active,
deonyelder/2561293,"Yelder, Deon",Active,
t.j.yeldon/2552471,"Yeldon, T.J.",Active,
isaacyiadom/2560946,"Yiadom, Isaac",Active,
averyyoung/2556837,"Young, Avery",Other,
kennyyoung/2560947,"Young, Kenny",Active,
louyoung/2550275,"Young, Lou",Injured reserve,
samyoung/2508058,"Young, Sam",Active,
tavonyoung/2555378,"Young, Tavon",Active,
trevonyoung/2560948,"Young, Trevon",Active,
ryanyurachek/2561599,"Yurachek, Ryan",Active,
adamzaruba/2559434,"Zaruba, Adam",Other,
kevinzeitler/2532980,"Zeitler, Kevin",Active,
zachzenner/2553631,"Zenner, Zach",Active,
anthonyzettel/2555268,"Zettel, Anthony",Active,
justinzimmer/2556716,"Zimmer, Justin",Active,
frankzombo/2507948,"Zombo, Frank",Active,
gregzuerlein/2534797,"Zuerlein, Greg",Active,
brandonzylstra/2560243,"Zylstra, Brandon",Active,